item_id,slot,frame_id,facings,layer_count,layer_roles,pivot_x,pivot_y,approved_trial_frozen
bow,head,u_idle0,right;left,1,near,256,433,True
bow,head,u_idle1,right;left,1,near,256,433,False
bow,head,u_run0,right;left,1,near,256,433,False
bow,head,u_run1,right;left,1,near,256,433,False
bow,head,u_run2,right;left,1,near,256,433,True
bow,head,u_run3,right;left,1,near,256,433,False
bow,head,u_run4,right;left,1,near,256,433,False
bow,head,u_run5,right;left,1,near,256,433,False
bow,head,u_happy0,right;left,1,near,256,433,False
bow,head,u_happy1,right;left,1,near,256,433,True
bow,head,u_happy2,right;left,1,near,256,433,False
bow,head,bike0,right;left,1,near,263.4254143646409,445.52486187845307,True
bow,head,bike1,right;left,1,near,261.6574585635359,445.52486187845307,False
bow,head,bike2,right;left,1,near,259.88950276243094,445.52486187845307,False
bow,head,bike3,right;left,1,near,259.18232044198896,445.52486187845307,False
bow,head,skateboard0,right;left,1,near,248.22099447513813,425.01657458563534,True
bow,head,skateboard1,right;left,1,near,254.939226519337,425.72375690607737,False
bow,head,skateboard2,right;left,1,near,252.11049723756906,425.72375690607737,False
bow,head,skateboard3,right;left,1,near,253.87845303867402,425.01657458563534,False
tee,body,u_idle0,right;left,1,near,256,433,True
tee,body,u_idle1,right;left,2,near;foreground,256,433,False
tee,body,u_run0,right;left,2,near;foreground,256,433,False
tee,body,u_run1,right;left,2,near;foreground,256,433,False
tee,body,u_run2,right;left,1,near,256,433,True
tee,body,u_run3,right;left,2,near;foreground,256,433,False
tee,body,u_run4,right;left,2,near;foreground,256,433,False
tee,body,u_run5,right;left,2,near;foreground,256,433,False
tee,body,u_happy0,right;left,2,near;foreground,256,433,False
tee,body,u_happy1,right;left,1,near,256,433,True
tee,body,u_happy2,right;left,2,near;foreground,256,433,False
tee,body,bike0,right;left,2,near;grip,263.4254143646409,445.52486187845307,True
tee,body,bike1,right;left,2,near;foreground,261.6574585635359,445.52486187845307,False
tee,body,bike2,right;left,2,near;foreground,259.88950276243094,445.52486187845307,False
tee,body,bike3,right;left,2,near;foreground,259.18232044198896,445.52486187845307,False
tee,body,skateboard0,right;left,1,near,248.22099447513813,425.01657458563534,True
tee,body,skateboard1,right;left,2,near;foreground,254.939226519337,425.72375690607737,False
tee,body,skateboard2,right;left,2,near;foreground,252.11049723756906,425.72375690607737,False
tee,body,skateboard3,right;left,2,near;foreground,253.87845303867402,425.01657458563534,False
beads,accessory,u_idle0,right;left,1,near,256,433,True
beads,accessory,u_idle1,right;left,1,near,256,433,False
beads,accessory,u_run0,right;left,1,near,256,433,False
beads,accessory,u_run1,right;left,1,near,256,433,False
beads,accessory,u_run2,right;left,1,near,256,433,True
beads,accessory,u_run3,right;left,1,near,256,433,False
beads,accessory,u_run4,right;left,1,near,256,433,False
beads,accessory,u_run5,right;left,1,near,256,433,False
beads,accessory,u_happy0,right;left,1,near,256,433,False
beads,accessory,u_happy1,right;left,1,near,256,433,True
beads,accessory,u_happy2,right;left,1,near,256,433,False
beads,accessory,bike0,right;left,1,near,263.4254143646409,445.52486187845307,True
beads,accessory,bike1,right;left,1,near,261.6574585635359,445.52486187845307,False
beads,accessory,bike2,right;left,1,near,259.88950276243094,445.52486187845307,False
beads,accessory,bike3,right;left,1,near,259.18232044198896,445.52486187845307,False
beads,accessory,skateboard0,right;left,1,near,248.22099447513813,425.01657458563534,True
beads,accessory,skateboard1,right;left,1,near,254.939226519337,425.72375690607737,False
beads,accessory,skateboard2,right;left,1,near,252.11049723756906,425.72375690607737,False
beads,accessory,skateboard3,right;left,1,near,253.87845303867402,425.01657458563534,False
flower-crown,head,u_idle0,right;left,2,near;foreground,256,433,False
flower-crown,head,u_idle1,right;left,2,near;foreground,256,433,False
flower-crown,head,u_run0,right;left,2,near;foreground,256,433,False
flower-crown,head,u_run1,right;left,2,near;foreground,256,433,False
flower-crown,head,u_run2,right;left,2,near;foreground,256,433,False
flower-crown,head,u_run3,right;left,2,near;foreground,256,433,False
flower-crown,head,u_run4,right;left,2,near;foreground,256,433,False
flower-crown,head,u_run5,right;left,2,near;foreground,256,433,False
flower-crown,head,u_happy0,right;left,2,near;foreground,256,433,False
flower-crown,head,u_happy1,right;left,2,near;foreground,256,433,False
flower-crown,head,u_happy2,right;left,2,near;foreground,256,433,False
flower-crown,head,bike0,right;left,2,near;foreground,263.4254143646409,445.52486187845307,False
flower-crown,head,bike1,right;left,2,near;foreground,261.6574585635359,445.52486187845307,False
flower-crown,head,bike2,right;left,2,near;foreground,259.88950276243094,445.52486187845307,False
flower-crown,head,bike3,right;left,2,near;foreground,259.18232044198896,445.52486187845307,False
flower-crown,head,skateboard0,right;left,2,near;foreground,248.22099447513813,425.01657458563534,False
flower-crown,head,skateboard1,right;left,2,near;foreground,254.939226519337,425.72375690607737,False
flower-crown,head,skateboard2,right;left,2,near;foreground,252.11049723756906,425.72375690607737,False
flower-crown,head,skateboard3,right;left,2,near;foreground,253.87845303867402,425.01657458563534,False
sunhat,head,u_idle0,right;left,2,near;foreground,256,433,False
sunhat,head,u_idle1,right;left,2,near;foreground,256,433,False
sunhat,head,u_run0,right;left,2,near;foreground,256,433,False
sunhat,head,u_run1,right;left,2,near;foreground,256,433,False
sunhat,head,u_run2,right;left,2,near;foreground,256,433,False
sunhat,head,u_run3,right;left,2,near;foreground,256,433,False
sunhat,head,u_run4,right;left,2,near;foreground,256,433,False
sunhat,head,u_run5,right;left,2,near;foreground,256,433,False
sunhat,head,u_happy0,right;left,2,near;foreground,256,433,False
sunhat,head,u_happy1,right;left,2,near;foreground,256,433,False
sunhat,head,u_happy2,right;left,2,near;foreground,256,433,False
sunhat,head,bike0,right;left,2,near;foreground,263.4254143646409,445.52486187845307,False
sunhat,head,bike1,right;left,2,near;foreground,261.6574585635359,445.52486187845307,False
sunhat,head,bike2,right;left,2,near;foreground,259.88950276243094,445.52486187845307,False
sunhat,head,bike3,right;left,2,near;foreground,259.18232044198896,445.52486187845307,False
sunhat,head,skateboard0,right;left,2,near;foreground,248.22099447513813,425.01657458563534,False
sunhat,head,skateboard1,right;left,2,near;foreground,254.939226519337,425.72375690607737,False
sunhat,head,skateboard2,right;left,2,near;foreground,252.11049723756906,425.72375690607737,False
sunhat,head,skateboard3,right;left,2,near;foreground,253.87845303867402,425.01657458563534,False
helmet,head,u_idle0,right;left,2,near;foreground,256,433,False
helmet,head,u_idle1,right;left,2,near;foreground,256,433,False
helmet,head,u_run0,right;left,2,near;foreground,256,433,False
helmet,head,u_run1,right;left,2,near;foreground,256,433,False
helmet,head,u_run2,right;left,2,near;foreground,256,433,False
helmet,head,u_run3,right;left,2,near;foreground,256,433,False
helmet,head,u_run4,right;left,2,near;foreground,256,433,False
helmet,head,u_run5,right;left,2,near;foreground,256,433,False
helmet,head,u_happy0,right;left,2,near;foreground,256,433,False
helmet,head,u_happy1,right;left,2,near;foreground,256,433,False
helmet,head,u_happy2,right;left,2,near;foreground,256,433,False
helmet,head,bike0,right;left,2,near;foreground,263.4254143646409,445.52486187845307,False
helmet,head,bike1,right;left,2,near;foreground,261.6574585635359,445.52486187845307,False
helmet,head,bike2,right;left,2,near;foreground,259.88950276243094,445.52486187845307,False
helmet,head,bike3,right;left,2,near;foreground,259.18232044198896,445.52486187845307,False
helmet,head,skateboard0,right;left,2,near;foreground,248.22099447513813,425.01657458563534,False
helmet,head,skateboard1,right;left,2,near;foreground,254.939226519337,425.72375690607737,False
helmet,head,skateboard2,right;left,2,near;foreground,252.11049723756906,425.72375690607737,False
helmet,head,skateboard3,right;left,2,near;foreground,253.87845303867402,425.01657458563534,False
star-jacket,body,u_idle0,right;left,2,garment;foreground,256,433,False
star-jacket,body,u_idle1,right;left,2,garment;foreground,256,433,False
star-jacket,body,u_run0,right;left,2,garment;foreground,256,433,False
star-jacket,body,u_run1,right;left,2,garment;foreground,256,433,False
star-jacket,body,u_run2,right;left,2,garment;foreground,256,433,False
star-jacket,body,u_run3,right;left,2,garment;foreground,256,433,False
star-jacket,body,u_run4,right;left,2,garment;foreground,256,433,False
star-jacket,body,u_run5,right;left,2,garment;foreground,256,433,False
star-jacket,body,u_happy0,right;left,2,garment;foreground,256,433,False
star-jacket,body,u_happy1,right;left,2,garment;foreground,256,433,False
star-jacket,body,u_happy2,right;left,2,garment;foreground,256,433,False
star-jacket,body,bike0,right;left,2,garment;foreground,263.4254143646409,445.52486187845307,False
star-jacket,body,bike1,right;left,2,garment;foreground,261.6574585635359,445.52486187845307,False
star-jacket,body,bike2,right;left,2,garment;foreground,259.88950276243094,445.52486187845307,False
star-jacket,body,bike3,right;left,2,garment;foreground,259.18232044198896,445.52486187845307,False
star-jacket,body,skateboard0,right;left,2,garment;foreground,248.22099447513813,425.01657458563534,False
star-jacket,body,skateboard1,right;left,2,garment;foreground,254.939226519337,425.72375690607737,False
star-jacket,body,skateboard2,right;left,2,garment;foreground,252.11049723756906,425.72375690607737,False
star-jacket,body,skateboard3,right;left,2,garment;foreground,253.87845303867402,425.01657458563534,False
rainbow-dress,body,u_idle0,right;left,1,garment,256,433,False
rainbow-dress,body,u_idle1,right;left,1,garment,256,433,False
rainbow-dress,body,u_run0,right;left,1,garment,256,433,False
rainbow-dress,body,u_run1,right;left,1,garment,256,433,False
rainbow-dress,body,u_run2,right;left,1,garment,256,433,False
rainbow-dress,body,u_run3,right;left,1,garment,256,433,False
rainbow-dress,body,u_run4,right;left,1,garment,256,433,False
rainbow-dress,body,u_run5,right;left,1,garment,256,433,False
rainbow-dress,body,u_happy0,right;left,1,garment,256,433,False
rainbow-dress,body,u_happy1,right;left,1,garment,256,433,False
rainbow-dress,body,u_happy2,right;left,1,garment,256,433,False
rainbow-dress,body,bike0,right;left,1,garment,263.4254143646409,445.52486187845307,False
rainbow-dress,body,bike1,right;left,1,garment,261.6574585635359,445.52486187845307,False
rainbow-dress,body,bike2,right;left,1,garment,259.88950276243094,445.52486187845307,False
rainbow-dress,body,bike3,right;left,1,garment,259.18232044198896,445.52486187845307,False
rainbow-dress,body,skateboard0,right;left,1,garment,248.22099447513813,425.01657458563534,False
rainbow-dress,body,skateboard1,right;left,1,garment,254.939226519337,425.72375690607737,False
rainbow-dress,body,skateboard2,right;left,1,garment,252.11049723756906,425.72375690607737,False
rainbow-dress,body,skateboard3,right;left,1,garment,253.87845303867402,425.01657458563534,False
raincoat,body,u_idle0,right;left,1,garment,256,433,False
raincoat,body,u_idle1,right;left,1,garment,256,433,False
raincoat,body,u_run0,right;left,1,garment,256,433,False
raincoat,body,u_run1,right;left,1,garment,256,433,False
raincoat,body,u_run2,right;left,1,garment,256,433,False
raincoat,body,u_run3,right;left,1,garment,256,433,False
raincoat,body,u_run4,right;left,1,garment,256,433,False
raincoat,body,u_run5,right;left,1,garment,256,433,False
raincoat,body,u_happy0,right;left,1,garment,256,433,False
raincoat,body,u_happy1,right;left,1,garment,256,433,False
raincoat,body,u_happy2,right;left,1,garment,256,433,False
raincoat,body,bike0,right;left,1,garment,263.4254143646409,445.52486187845307,False
raincoat,body,bike1,right;left,1,garment,261.6574585635359,445.52486187845307,False
raincoat,body,bike2,right;left,1,garment,259.88950276243094,445.52486187845307,False
raincoat,body,bike3,right;left,1,garment,259.18232044198896,445.52486187845307,False
raincoat,body,skateboard0,right;left,1,garment,248.22099447513813,425.01657458563534,False
raincoat,body,skateboard1,right;left,1,garment,254.939226519337,425.72375690607737,False
raincoat,body,skateboard2,right;left,1,garment,252.11049723756906,425.72375690607737,False
raincoat,body,skateboard3,right;left,1,garment,253.87845303867402,425.01657458563534,False
scarf,accessory,u_idle0,right;left,1,near,256,433,False
scarf,accessory,u_idle1,right;left,1,near,256,433,False
scarf,accessory,u_run0,right;left,1,near,256,433,False
scarf,accessory,u_run1,right;left,1,near,256,433,False
scarf,accessory,u_run2,right;left,1,near,256,433,False
scarf,accessory,u_run3,right;left,1,near,256,433,False
scarf,accessory,u_run4,right;left,1,near,256,433,False
scarf,accessory,u_run5,right;left,1,near,256,433,False
scarf,accessory,u_happy0,right;left,1,near,256,433,False
scarf,accessory,u_happy1,right;left,1,near,256,433,False
scarf,accessory,u_happy2,right;left,1,near,256,433,False
scarf,accessory,bike0,right;left,1,near,263.4254143646409,445.52486187845307,False
scarf,accessory,bike1,right;left,1,near,261.6574585635359,445.52486187845307,False
scarf,accessory,bike2,right;left,1,near,259.88950276243094,445.52486187845307,False
scarf,accessory,bike3,right;left,1,near,259.18232044198896,445.52486187845307,False
scarf,accessory,skateboard0,right;left,1,near,248.22099447513813,425.01657458563534,False
scarf,accessory,skateboard1,right;left,1,near,254.939226519337,425.72375690607737,False
scarf,accessory,skateboard2,right;left,1,near,252.11049723756906,425.72375690607737,False
scarf,accessory,skateboard3,right;left,1,near,253.87845303867402,425.01657458563534,False
glasses,accessory,u_idle0,right;left,2,far;near,256,433,False
glasses,accessory,u_idle1,right;left,2,far;near,256,433,False
glasses,accessory,u_run0,right;left,2,far;near,256,433,False
glasses,accessory,u_run1,right;left,2,far;near,256,433,False
glasses,accessory,u_run2,right;left,2,far;near,256,433,False
glasses,accessory,u_run3,right;left,2,far;near,256,433,False
glasses,accessory,u_run4,right;left,2,far;near,256,433,False
glasses,accessory,u_run5,right;left,2,far;near,256,433,False
glasses,accessory,u_happy0,right;left,2,far;near,256,433,False
glasses,accessory,u_happy1,right;left,2,far;near,256,433,False
glasses,accessory,u_happy2,right;left,2,far;near,256,433,False
glasses,accessory,bike0,right;left,2,far;near,263.4254143646409,445.52486187845307,False
glasses,accessory,bike1,right;left,2,far;near,261.6574585635359,445.52486187845307,False
glasses,accessory,bike2,right;left,2,far;near,259.88950276243094,445.52486187845307,False
glasses,accessory,bike3,right;left,2,far;near,259.18232044198896,445.52486187845307,False
glasses,accessory,skateboard0,right;left,2,far;near,248.22099447513813,425.01657458563534,False
glasses,accessory,skateboard1,right;left,2,far;near,254.939226519337,425.72375690607737,False
glasses,accessory,skateboard2,right;left,2,far;near,252.11049723756906,425.72375690607737,False
glasses,accessory,skateboard3,right;left,2,far;near,253.87845303867402,425.01657458563534,False
satchel,accessory,u_idle0,right;left,1,near,256,433,False
satchel,accessory,u_idle1,right;left,1,near,256,433,False
satchel,accessory,u_run0,right;left,1,near,256,433,False
satchel,accessory,u_run1,right;left,1,near,256,433,False
satchel,accessory,u_run2,right;left,1,near,256,433,False
satchel,accessory,u_run3,right;left,1,near,256,433,False
satchel,accessory,u_run4,right;left,1,near,256,433,False
satchel,accessory,u_run5,right;left,1,near,256,433,False
satchel,accessory,u_happy0,right;left,1,near,256,433,False
satchel,accessory,u_happy1,right;left,1,near,256,433,False
satchel,accessory,u_happy2,right;left,1,near,256,433,False
satchel,accessory,bike0,right;left,1,near,263.4254143646409,445.52486187845307,False
satchel,accessory,bike1,right;left,1,near,261.6574585635359,445.52486187845307,False
satchel,accessory,bike2,right;left,1,near,259.88950276243094,445.52486187845307,False
satchel,accessory,bike3,right;left,1,near,259.18232044198896,445.52486187845307,False
satchel,accessory,skateboard0,right;left,1,near,248.22099447513813,425.01657458563534,False
satchel,accessory,skateboard1,right;left,1,near,254.939226519337,425.72375690607737,False
satchel,accessory,skateboard2,right;left,1,near,252.11049723756906,425.72375690607737,False
satchel,accessory,skateboard3,right;left,1,near,253.87845303867402,425.01657458563534,False
prize-star-bow,head,u_idle0,right;left,1,near,256,433,False
prize-star-bow,head,u_idle1,right;left,1,near,256,433,False
prize-star-bow,head,u_run0,right;left,1,near,256,433,False
prize-star-bow,head,u_run1,right;left,1,near,256,433,False
prize-star-bow,head,u_run2,right;left,1,near,256,433,False
prize-star-bow,head,u_run3,right;left,1,near,256,433,False
prize-star-bow,head,u_run4,right;left,1,near,256,433,False
prize-star-bow,head,u_run5,right;left,1,near,256,433,False
prize-star-bow,head,u_happy0,right;left,1,near,256,433,False
prize-star-bow,head,u_happy1,right;left,1,near,256,433,False
prize-star-bow,head,u_happy2,right;left,1,near,256,433,False
prize-star-bow,head,bike0,right;left,1,near,263.4254143646409,445.52486187845307,False
prize-star-bow,head,bike1,right;left,1,near,261.6574585635359,445.52486187845307,False
prize-star-bow,head,bike2,right;left,1,near,259.88950276243094,445.52486187845307,False
prize-star-bow,head,bike3,right;left,1,near,259.18232044198896,445.52486187845307,False
prize-star-bow,head,skateboard0,right;left,1,near,248.22099447513813,425.01657458563534,False
prize-star-bow,head,skateboard1,right;left,1,near,254.939226519337,425.72375690607737,False
prize-star-bow,head,skateboard2,right;left,1,near,252.11049723756906,425.72375690607737,False
prize-star-bow,head,skateboard3,right;left,1,near,253.87845303867402,425.01657458563534,False
prize-rainbow-cape,body,u_idle0,right;left,2,rear;front,256,433,False
prize-rainbow-cape,body,u_idle1,right;left,2,rear;front,256,433,False
prize-rainbow-cape,body,u_run0,right;left,2,rear;front,256,433,False
prize-rainbow-cape,body,u_run1,right;left,2,rear;front,256,433,False
prize-rainbow-cape,body,u_run2,right;left,2,rear;front,256,433,False
prize-rainbow-cape,body,u_run3,right;left,2,rear;front,256,433,False
prize-rainbow-cape,body,u_run4,right;left,2,rear;front,256,433,False
prize-rainbow-cape,body,u_run5,right;left,2,rear;front,256,433,False
prize-rainbow-cape,body,u_happy0,right;left,2,rear;front,256,433,False
prize-rainbow-cape,body,u_happy1,right;left,2,rear;front,256,433,False
prize-rainbow-cape,body,u_happy2,right;left,2,rear;front,256,433,False
prize-rainbow-cape,body,bike0,right;left,2,rear;front,263.4254143646409,445.52486187845307,False
prize-rainbow-cape,body,bike1,right;left,2,rear;front,261.6574585635359,445.52486187845307,False
prize-rainbow-cape,body,bike2,right;left,2,rear;front,259.88950276243094,445.52486187845307,False
prize-rainbow-cape,body,bike3,right;left,2,rear;front,259.18232044198896,445.52486187845307,False
prize-rainbow-cape,body,skateboard0,right;left,2,rear;front,248.22099447513813,425.01657458563534,False
prize-rainbow-cape,body,skateboard1,right;left,2,rear;front,254.939226519337,425.72375690607737,False
prize-rainbow-cape,body,skateboard2,right;left,2,rear;front,252.11049723756906,425.72375690607737,False
prize-rainbow-cape,body,skateboard3,right;left,2,rear;front,253.87845303867402,425.01657458563534,False
prize-comet-helmet,head,u_idle0,right;left,2,near;foreground,256,433,False
prize-comet-helmet,head,u_idle1,right;left,2,near;foreground,256,433,False
prize-comet-helmet,head,u_run0,right;left,2,near;foreground,256,433,False
prize-comet-helmet,head,u_run1,right;left,2,near;foreground,256,433,False
prize-comet-helmet,head,u_run2,right;left,2,near;foreground,256,433,False
prize-comet-helmet,head,u_run3,right;left,2,near;foreground,256,433,False
prize-comet-helmet,head,u_run4,right;left,2,near;foreground,256,433,False
prize-comet-helmet,head,u_run5,right;left,2,near;foreground,256,433,False
prize-comet-helmet,head,u_happy0,right;left,2,near;foreground,256,433,False
prize-comet-helmet,head,u_happy1,right;left,2,near;foreground,256,433,False
prize-comet-helmet,head,u_happy2,right;left,2,near;foreground,256,433,False
prize-comet-helmet,head,bike0,right;left,2,near;foreground,263.4254143646409,445.52486187845307,False
prize-comet-helmet,head,bike1,right;left,2,near;foreground,261.6574585635359,445.52486187845307,False
prize-comet-helmet,head,bike2,right;left,2,near;foreground,259.88950276243094,445.52486187845307,False
prize-comet-helmet,head,bike3,right;left,2,near;foreground,259.18232044198896,445.52486187845307,False
prize-comet-helmet,head,skateboard0,right;left,2,near;foreground,248.22099447513813,425.01657458563534,False
prize-comet-helmet,head,skateboard1,right;left,2,near;foreground,254.939226519337,425.72375690607737,False
prize-comet-helmet,head,skateboard2,right;left,2,near;foreground,252.11049723756906,425.72375690607737,False
prize-comet-helmet,head,skateboard3,right;left,2,near;foreground,253.87845303867402,425.01657458563534,False
prize-gold-scarf,accessory,u_idle0,right;left,1,near,256,433,False
prize-gold-scarf,accessory,u_idle1,right;left,1,near,256,433,False
prize-gold-scarf,accessory,u_run0,right;left,1,near,256,433,False
prize-gold-scarf,accessory,u_run1,right;left,1,near,256,433,False
prize-gold-scarf,accessory,u_run2,right;left,1,near,256,433,False
prize-gold-scarf,accessory,u_run3,right;left,1,near,256,433,False
prize-gold-scarf,accessory,u_run4,right;left,1,near,256,433,False
prize-gold-scarf,accessory,u_run5,right;left,1,near,256,433,False
prize-gold-scarf,accessory,u_happy0,right;left,1,near,256,433,False
prize-gold-scarf,accessory,u_happy1,right;left,1,near,256,433,False
prize-gold-scarf,accessory,u_happy2,right;left,1,near,256,433,False
prize-gold-scarf,accessory,bike0,right;left,1,near,263.4254143646409,445.52486187845307,False
prize-gold-scarf,accessory,bike1,right;left,1,near,261.6574585635359,445.52486187845307,False
prize-gold-scarf,accessory,bike2,right;left,1,near,259.88950276243094,445.52486187845307,False
prize-gold-scarf,accessory,bike3,right;left,1,near,259.18232044198896,445.52486187845307,False
prize-gold-scarf,accessory,skateboard0,right;left,1,near,248.22099447513813,425.01657458563534,False
prize-gold-scarf,accessory,skateboard1,right;left,1,near,254.939226519337,425.72375690607737,False
prize-gold-scarf,accessory,skateboard2,right;left,1,near,252.11049723756906,425.72375690607737,False
prize-gold-scarf,accessory,skateboard3,right;left,1,near,253.87845303867402,425.01657458563534,False
prize-bubble-glasses,accessory,u_idle0,right;left,2,far;near,256,433,False
prize-bubble-glasses,accessory,u_idle1,right;left,2,far;near,256,433,False
prize-bubble-glasses,accessory,u_run0,right;left,2,far;near,256,433,False
prize-bubble-glasses,accessory,u_run1,right;left,2,far;near,256,433,False
prize-bubble-glasses,accessory,u_run2,right;left,2,far;near,256,433,False
prize-bubble-glasses,accessory,u_run3,right;left,2,far;near,256,433,False
prize-bubble-glasses,accessory,u_run4,right;left,2,far;near,256,433,False
prize-bubble-glasses,accessory,u_run5,right;left,2,far;near,256,433,False
prize-bubble-glasses,accessory,u_happy0,right;left,2,far;near,256,433,False
prize-bubble-glasses,accessory,u_happy1,right;left,2,far;near,256,433,False
prize-bubble-glasses,accessory,u_happy2,right;left,2,far;near,256,433,False
prize-bubble-glasses,accessory,bike0,right;left,2,far;near,263.4254143646409,445.52486187845307,False
prize-bubble-glasses,accessory,bike1,right;left,2,far;near,261.6574585635359,445.52486187845307,False
prize-bubble-glasses,accessory,bike2,right;left,2,far;near,259.88950276243094,445.52486187845307,False
prize-bubble-glasses,accessory,bike3,right;left,2,far;near,259.18232044198896,445.52486187845307,False
prize-bubble-glasses,accessory,skateboard0,right;left,2,far;near,248.22099447513813,425.01657458563534,False
prize-bubble-glasses,accessory,skateboard1,right;left,2,far;near,254.939226519337,425.72375690607737,False
prize-bubble-glasses,accessory,skateboard2,right;left,2,far;near,252.11049723756906,425.72375690607737,False
prize-bubble-glasses,accessory,skateboard3,right;left,2,far;near,253.87845303867402,425.01657458563534,False
prize-moon-bag,accessory,u_idle0,right;left,1,near,256,433,False
prize-moon-bag,accessory,u_idle1,right;left,1,near,256,433,False
prize-moon-bag,accessory,u_run0,right;left,1,near,256,433,False
prize-moon-bag,accessory,u_run1,right;left,1,near,256,433,False
prize-moon-bag,accessory,u_run2,right;left,1,near,256,433,False
prize-moon-bag,accessory,u_run3,right;left,1,near,256,433,False
prize-moon-bag,accessory,u_run4,right;left,1,near,256,433,False
prize-moon-bag,accessory,u_run5,right;left,1,near,256,433,False
prize-moon-bag,accessory,u_happy0,right;left,1,near,256,433,False
prize-moon-bag,accessory,u_happy1,right;left,1,near,256,433,False
prize-moon-bag,accessory,u_happy2,right;left,1,near,256,433,False
prize-moon-bag,accessory,bike0,right;left,1,near,263.4254143646409,445.52486187845307,False
prize-moon-bag,accessory,bike1,right;left,1,near,261.6574585635359,445.52486187845307,False
prize-moon-bag,accessory,bike2,right;left,1,near,259.88950276243094,445.52486187845307,False
prize-moon-bag,accessory,bike3,right;left,1,near,259.18232044198896,445.52486187845307,False
prize-moon-bag,accessory,skateboard0,right;left,1,near,248.22099447513813,425.01657458563534,False
prize-moon-bag,accessory,skateboard1,right;left,1,near,254.939226519337,425.72375690607737,False
prize-moon-bag,accessory,skateboard2,right;left,1,near,252.11049723756906,425.72375690607737,False
prize-moon-bag,accessory,skateboard3,right;left,1,near,253.87845303867402,425.01657458563534,False
legacy-princess,head,u_idle0,right;left,2,near;foreground,256,433,False
legacy-princess,head,u_idle1,right;left,2,near;foreground,256,433,False
legacy-princess,head,u_run0,right;left,2,near;foreground,256,433,False
legacy-princess,head,u_run1,right;left,2,near;foreground,256,433,False
legacy-princess,head,u_run2,right;left,2,near;foreground,256,433,False
legacy-princess,head,u_run3,right;left,2,near;foreground,256,433,False
legacy-princess,head,u_run4,right;left,2,near;foreground,256,433,False
legacy-princess,head,u_run5,right;left,2,near;foreground,256,433,False
legacy-princess,head,u_happy0,right;left,2,near;foreground,256,433,False
legacy-princess,head,u_happy1,right;left,2,near;foreground,256,433,False
legacy-princess,head,u_happy2,right;left,2,near;foreground,256,433,False
legacy-princess,head,bike0,right;left,2,near;foreground,263.4254143646409,445.52486187845307,False
legacy-princess,head,bike1,right;left,2,near;foreground,261.6574585635359,445.52486187845307,False
legacy-princess,head,bike2,right;left,2,near;foreground,259.88950276243094,445.52486187845307,False
legacy-princess,head,bike3,right;left,2,near;foreground,259.18232044198896,445.52486187845307,False
legacy-princess,head,skateboard0,right;left,2,near;foreground,248.22099447513813,425.01657458563534,False
legacy-princess,head,skateboard1,right;left,2,near;foreground,254.939226519337,425.72375690607737,False
legacy-princess,head,skateboard2,right;left,2,near;foreground,252.11049723756906,425.72375690607737,False
legacy-princess,head,skateboard3,right;left,2,near;foreground,253.87845303867402,425.01657458563534,False
legacy-hero,body,u_idle0,right;left,2,rear;front,256,433,False
legacy-hero,body,u_idle1,right;left,2,rear;front,256,433,False
legacy-hero,body,u_run0,right;left,2,rear;front,256,433,False
legacy-hero,body,u_run1,right;left,2,rear;front,256,433,False
legacy-hero,body,u_run2,right;left,2,rear;front,256,433,False
legacy-hero,body,u_run3,right;left,2,rear;front,256,433,False
legacy-hero,body,u_run4,right;left,2,rear;front,256,433,False
legacy-hero,body,u_run5,right;left,2,rear;front,256,433,False
legacy-hero,body,u_happy0,right;left,2,rear;front,256,433,False
legacy-hero,body,u_happy1,right;left,2,rear;front,256,433,False
legacy-hero,body,u_happy2,right;left,2,rear;front,256,433,False
legacy-hero,body,bike0,right;left,2,rear;front,263.4254143646409,445.52486187845307,False
legacy-hero,body,bike1,right;left,2,rear;front,261.6574585635359,445.52486187845307,False
legacy-hero,body,bike2,right;left,2,rear;front,259.88950276243094,445.52486187845307,False
legacy-hero,body,bike3,right;left,2,rear;front,259.18232044198896,445.52486187845307,False
legacy-hero,body,skateboard0,right;left,2,rear;front,248.22099447513813,425.01657458563534,False
legacy-hero,body,skateboard1,right;left,2,rear;front,254.939226519337,425.72375690607737,False
legacy-hero,body,skateboard2,right;left,2,rear;front,252.11049723756906,425.72375690607737,False
legacy-hero,body,skateboard3,right;left,2,rear;front,253.87845303867402,425.01657458563534,False
legacy-mask,accessory,u_idle0,right;left,2,far;near,256,433,False
legacy-mask,accessory,u_idle1,right;left,2,far;near,256,433,False
legacy-mask,accessory,u_run0,right;left,2,far;near,256,433,False
legacy-mask,accessory,u_run1,right;left,2,far;near,256,433,False
legacy-mask,accessory,u_run2,right;left,2,far;near,256,433,False
legacy-mask,accessory,u_run3,right;left,2,far;near,256,433,False
legacy-mask,accessory,u_run4,right;left,2,far;near,256,433,False
legacy-mask,accessory,u_run5,right;left,2,far;near,256,433,False
legacy-mask,accessory,u_happy0,right;left,2,far;near,256,433,False
legacy-mask,accessory,u_happy1,right;left,2,far;near,256,433,False
legacy-mask,accessory,u_happy2,right;left,2,far;near,256,433,False
legacy-mask,accessory,bike0,right;left,2,far;near,263.4254143646409,445.52486187845307,False
legacy-mask,accessory,bike1,right;left,2,far;near,261.6574585635359,445.52486187845307,False
legacy-mask,accessory,bike2,right;left,2,far;near,259.88950276243094,445.52486187845307,False
legacy-mask,accessory,bike3,right;left,2,far;near,259.18232044198896,445.52486187845307,False
legacy-mask,accessory,skateboard0,right;left,2,far;near,248.22099447513813,425.01657458563534,False
legacy-mask,accessory,skateboard1,right;left,2,far;near,254.939226519337,425.72375690607737,False
legacy-mask,accessory,skateboard2,right;left,2,far;near,252.11049723756906,425.72375690607737,False
legacy-mask,accessory,skateboard3,right;left,2,far;near,253.87845303867402,425.01657458563534,False
legacy-chef,head,u_idle0,right;left,2,near;foreground,256,433,False
legacy-chef,head,u_idle1,right;left,2,near;foreground,256,433,False
legacy-chef,head,u_run0,right;left,2,near;foreground,256,433,False
legacy-chef,head,u_run1,right;left,2,near;foreground,256,433,False
legacy-chef,head,u_run2,right;left,2,near;foreground,256,433,False
legacy-chef,head,u_run3,right;left,2,near;foreground,256,433,False
legacy-chef,head,u_run4,right;left,2,near;foreground,256,433,False
legacy-chef,head,u_run5,right;left,2,near;foreground,256,433,False
legacy-chef,head,u_happy0,right;left,2,near;foreground,256,433,False
legacy-chef,head,u_happy1,right;left,2,near;foreground,256,433,False
legacy-chef,head,u_happy2,right;left,2,near;foreground,256,433,False
legacy-chef,head,bike0,right;left,2,near;foreground,263.4254143646409,445.52486187845307,False
legacy-chef,head,bike1,right;left,2,near;foreground,261.6574585635359,445.52486187845307,False
legacy-chef,head,bike2,right;left,2,near;foreground,259.88950276243094,445.52486187845307,False
legacy-chef,head,bike3,right;left,2,near;foreground,259.18232044198896,445.52486187845307,False
legacy-chef,head,skateboard0,right;left,2,near;foreground,248.22099447513813,425.01657458563534,False
legacy-chef,head,skateboard1,right;left,2,near;foreground,254.939226519337,425.72375690607737,False
legacy-chef,head,skateboard2,right;left,2,near;foreground,252.11049723756906,425.72375690607737,False
legacy-chef,head,skateboard3,right;left,2,near;foreground,253.87845303867402,425.01657458563534,False
legacy-space,head,u_idle0,right;left,1,near,256,433,False
legacy-space,head,u_idle1,right;left,1,near,256,433,False
legacy-space,head,u_run0,right;left,1,near,256,433,False
legacy-space,head,u_run1,right;left,1,near,256,433,False
legacy-space,head,u_run2,right;left,1,near,256,433,False
legacy-space,head,u_run3,right;left,1,near,256,433,False
legacy-space,head,u_run4,right;left,1,near,256,433,False
legacy-space,head,u_run5,right;left,1,near,256,433,False
legacy-space,head,u_happy0,right;left,1,near,256,433,False
legacy-space,head,u_happy1,right;left,1,near,256,433,False
legacy-space,head,u_happy2,right;left,1,near,256,433,False
legacy-space,head,bike0,right;left,1,near,263.4254143646409,445.52486187845307,False
legacy-space,head,bike1,right;left,1,near,261.6574585635359,445.52486187845307,False
legacy-space,head,bike2,right;left,1,near,259.88950276243094,445.52486187845307,False
legacy-space,head,bike3,right;left,1,near,259.18232044198896,445.52486187845307,False
legacy-space,head,skateboard0,right;left,1,near,248.22099447513813,425.01657458563534,False
legacy-space,head,skateboard1,right;left,1,near,254.939226519337,425.72375690607737,False
legacy-space,head,skateboard2,right;left,1,near,252.11049723756906,425.72375690607737,False
legacy-space,head,skateboard3,right;left,1,near,253.87845303867402,425.01657458563534,False
